,label,component
0,2.5吋 SATA3 SSD固態硬碟,"UMAX S330 240GB /2.5吋 讀:520MB寫:450MB/3D NAND Flash【三年保】, $468 ◆ ★ 熱賣"
1,2.5吋 SATA3 SSD固態硬碟,"UMAX S330 480GB /2.5吋 讀:560MB寫:450MB/3D NAND Flash【三年保】, $868 ◆ ★ 熱賣"
2,2.5吋 SATA3 SSD固態硬碟,"UMAX S330 960GB /2.5吋 讀:560MB寫:500MB/3D NAND Flash【三年保】, $1600 ◆ ★ 熱賣"
3,2.5吋 SATA3 SSD固態硬碟,"威剛 Ultimate SU650 240G/2.5吋/讀:520M/寫:450M/TLC顆粒【三年保】, $569 ◆ ★"
4,2.5吋 SATA3 SSD固態硬碟,"威剛 Ultimate SU650 480G/2.5吋/讀:520M/寫:450M/TLC顆粒【三年保】, $899 ◆ ★"
5,2.5吋 SATA3 SSD固態硬碟,"威剛 Ultimate SU800 256G/2.5吋/讀:560M/寫:520M/TLC/DRAM快取/SMI/台灣製【五年】, $999 ◆ ★"
6,2.5吋 SATA3 SSD固態硬碟,"威剛 Ultimate SU800 512G/2.5吋/讀:560M/寫:520M/TLC/DRAM快取/SMI/台灣製【五年】, $1499 ◆ ★"
7,2.5吋 SATA3 SSD固態硬碟,"威剛 Ultimate SU800 1TB/2.5吋/讀:560M/寫:520M/TLC/DRAM快取/SMI/台灣製【五年】, $2650 ◆ ★"
8,2.5吋 SATA3 SSD固態硬碟,"WD Blue SA510 500GB(藍標)/2.5吋/讀:560M/寫:530M/3D TLC顆粒【五年保】, $1300 ◆ ★ 熱賣"
9,2.5吋 SATA3 SSD固態硬碟,"WD Blue SA510 1TB(藍標)/2.5吋/讀:560M/寫:530M/3D TLC顆粒【五年保】, $2100 ◆ ★"
10,2.5吋 SATA3 SSD固態硬碟,"金士頓 A400 240G/2.5吋/讀:500M/寫:350M/TLC顆粒【三年保】, $750↘$700 ◆ ★"
11,2.5吋 SATA3 SSD固態硬碟,"金士頓 A400 480G/2.5吋/讀:500M/寫:450M/TLC顆粒【三年保】, $1050 ◆ ★"
12,2.5吋 SATA3 SSD固態硬碟,"金士頓 A400 960G/2.5吋/讀:500M/寫:450M/TLC顆粒【三年保】, $1780↘$1680 ◆ ★ 熱賣"
13,2.5吋 SATA3 SSD固態硬碟,"金士頓 SKC600 256G/2.5吋/讀:550M/寫:500M/SMI/3D TLC【五年保】, $880↘$800 ◆ ★"
14,2.5吋 SATA3 SSD固態硬碟,"金士頓 SKC600 512G/2.5吋/讀:550M/寫:520M/SMI/3D TLC【五年保】, $1600↘$1500 ◆ ★"
15,2.5吋 SATA3 SSD固態硬碟,"金士頓 SKC600 1024G/2.5吋/讀:550M/寫:520M/SMI/3D TLC【五年保】, $2850↘$2650 ◆ ★"
16,2.5吋 SATA3 SSD固態硬碟,"金士頓 SKC600 2048G/2.5吋/讀:550M/寫:520M/SMI/3D TLC【五年保】, $5300↘$5089 ◆ ★"
17,2.5吋 SATA3 SSD固態硬碟,❤ 【活動】買十銓全系列商品就送皮革卡套包
18,2.5吋 SATA3 SSD固態硬碟,"十銓 T-Force Vulcan Z 火神Z 256G/2.5吋 讀520MB:寫450MB/3D NAND/TLC【三年保】, $559 ◆ ★"
19,2.5吋 SATA3 SSD固態硬碟,"十銓 T-Force Vulcan Z 火神Z 512G/2.5吋 讀540MB:寫470MB/3D NAND/TLC【三年保】, $1099 ◆ ★"
20,2.5吋 SATA3 SSD固態硬碟,"十銓 T-Force Vulcan Z 火神Z 1TB/2.5吋 讀550MB:寫500MB/3D NAND/TLC【三年保】, $1699 ◆ ★ 熱賣"
21,2.5吋 SATA3 SSD固態硬碟,"十銓 T-Force Vulcan Z 火神Z 2TB/2.5吋 讀550MB:寫500MB/3D NAND/TLC【三年保】, $3299 ◆ ★"
22,2.5吋 SATA3 SSD固態硬碟,"十銓 T-Force Vulcan Z 火神Z 4TB/2.5吋 讀550MB:寫500MB/3D NAND/TLC【三年保】, $6499 ◆ ★"
23,2.5吋 SATA3 SSD固態硬碟,"宏�� Acer RE100 256GB /2.5吋 讀562M 寫528M/TLC【五年保】, $690 ◆ ★"
24,2.5吋 SATA3 SSD固態硬碟,"宏�� Acer RE100 512GB /2.5吋 讀562M 寫529M/TLC【五年保】, $999 ◆ ★"
25,2.5吋 SATA3 SSD固態硬碟,"宏�� Acer RE100 1TB /2.5吋 讀557M 寫515M/TLC【五年保】, $1890 ◆ ★"
26,2.5吋 SATA3 SSD固態硬碟,"宏�� Acer RE100 2TB /2.5吋 讀557M 寫515M/TLC【五年保】, $3350 ◆ ★"
27,2.5吋 SATA3 SSD固態硬碟,❤ [官網活動] 買美光全系列登錄享星巴客飲料券 另可參加抽大獎【關島六日雙人遊】活動
28,2.5吋 SATA3 SSD固態硬碟,"美光Micron Crucial BX500 240G/2.5吋/讀:540M/寫:500M/TLC顆粒【三年保】, $650 ◆ ★"
29,2.5吋 SATA3 SSD固態硬碟,"美光Micron Crucial BX500 500G/2.5吋/讀:540M/寫:500M/TLC顆粒【三年保】, $999 ◆ ★"
30,2.5吋 SATA3 SSD固態硬碟,"美光Micron Crucial BX500 1TB/2.5吋/讀:540M/寫:500M/TLC顆粒【三年保】, $1890 ◆ ★"
31,2.5吋 SATA3 SSD固態硬碟,"美光Micron Crucial BX500 2TB/2.5吋/讀:540M/寫:500M/TLC顆粒【三年保】, $3699 ◆ ★"
32,2.5吋 SATA3 SSD固態硬碟,"美光Micron Crucial BX500 4TB/2.5吋/讀:540M/寫:500M/TLC顆粒【三年保】, $7388 ◆ ★"
33,2.5吋 SATA3 SSD固態硬碟,❤ 【活動】買三星2.5吋SSD就送2.5吋轉3.5吋轉接架
34,2.5吋 SATA3 SSD固態硬碟,"三星 Samsung 870 EVO 500G/2.5吋/讀:560/寫:530/TLC/【五年保】星睿奇, $1899 ◆ ★"
35,2.5吋 SATA3 SSD固態硬碟,"三星 Samsung 870 EVO 1TB/2.5吋/讀:560/寫:530/TLC/【五年保】星睿奇, $3499 ◆ ★"
36,2.5吋 SATA3 SSD固態硬碟,"三星 Samsung 870 EVO 2TB/2.5吋/讀:560/寫:530/TLC/【五年保】星睿奇, $6190 ◆ ★"
37,2.5吋 SATA3 SSD固態硬碟,"三星 Samsung 870 EVO 4TB/2.5吋/讀:560/寫:530/TLC/【五年保】星睿奇, $11999 ◆ ★"
38,2.5吋 SATA3 SSD固態硬碟,"三星 Samsung 870 QVO 4TB/2.5吋/讀:560/寫:530/QLC/【三年保】星睿奇, $11499 ◆ ★"
39,2.5吋 SATA3 SSD固態硬碟,"三星 Samsung 870 QVO 8TB/2.5吋/讀:560/寫:530/QLC/【三年保】星睿奇, $22999 ◆ ★"
40,M.2 PCIe 5.0 (Gen5) SSD固態硬碟,❤ 【活動】買T-FORCE GEN5系列就送時尚休閒後背包
41,M.2 PCIe 5.0 (Gen5) SSD固態硬碟,"十銓 T-Force GC PRO(石墨烯)2TB/Gen5/讀:12500M/寫:11000M【五年保】DRAM快取, $6499 ◆ ★"
42,M.2 PCIe 5.0 (Gen5) SSD固態硬碟,"十銓 T-Force GC PRO(石墨烯)4TB/Gen5 讀:12500M/寫:11000M【五年保】DRAM快取, $13990 ◆ ★"
43,M.2 PCIe 5.0 (Gen5) SSD固態硬碟,"十銓 T-ForceZ540黑武士(石墨烯)1TB/Gen5/讀:11700M/寫:9500M【五年保】DRAM快取, $4599 ◆ ★ 熱賣"
44,M.2 PCIe 5.0 (Gen5) SSD固態硬碟,"十銓 T-ForceZ540黑武士(石墨烯)2TB/Gen5/讀:12400M/寫:11800M【五年保】DRAM快取, $6599 ◆ ★ 熱賣"
45,M.2 PCIe 5.0 (Gen5) SSD固態硬碟,"威剛 ADATA LEGEND 970pro 1TB/Gen5/讀:13000M/寫:9500M高效能散熱器【五年】▼下殺到 6/19 10:00, $4380↘$3999 ◆ ★ 熱賣"
46,M.2 PCIe 5.0 (Gen5) SSD固態硬碟,"威剛 ADATA LEGEND 970pro 2TB/Gen5/讀:14000M/寫:10000M高效能散熱【五年】▼下殺到 6/19 10:00, $6659↘$6280 ◆ ★ 熱賣"
47,M.2 PCIe 5.0 (Gen5) SSD固態硬碟,"威剛 XPG MARS 980Blade 1TB/Gen5/讀:14000M/寫:10000M/SMI2508主控台積電6nm製程【五年】, $4380 ◆ ★ 熱賣"
48,M.2 PCIe 5.0 (Gen5) SSD固態硬碟,"威剛 XPG MARS 980Blade 2TB/Gen5/讀:14000M/寫:13000M/SMI2508主控台積電6nm製程【五年】, $6659 ◆ ★ 熱賣"
49,M.2 PCIe 5.0 (Gen5) SSD固態硬碟,"威剛 XPG MARS 980Blade 4TB/Gen5/讀:14000M/寫:13000M/SMI2508主控台積電6nm製程【五年】, $11999 ◆ ★"
50,M.2 PCIe 5.0 (Gen5) SSD固態硬碟,"宏�淲cer Predator GM9000 1TB/Gen5/14000M/10500M/TLC/SMI/TSMC 6nm【五年, $4580 ◆ ★"
51,M.2 PCIe 5.0 (Gen5) SSD固態硬碟,"宏�淲cer Predator GM9000 2TB/Gen5/14000M/13000M/TLC/SMI/TSMC 6nm【五年, $7480 ◆ ★"
52,M.2 PCIe 5.0 (Gen5) SSD固態硬碟,"宏�淲cer Predator GM9000 4TB/Gen5/14000M/13000M/TLC/SMI/TSMC 6nm【五年, $15280 ◆ ★"
53,M.2 PCIe 5.0 (Gen5) SSD固態硬碟,❤ 凡購買金士頓KC3000 /FURY SSD即送多功能充電線收納組
54,M.2 PCIe 5.0 (Gen5) SSD固態硬碟,"金士頓 FURY Renegade Gen5 1TB/讀:14200/寫:11000/TLC【五年保】DRAM快取, $5700↘$5300 ◆ ★ 熱賣"
55,M.2 PCIe 5.0 (Gen5) SSD固態硬碟,"金士頓 FURY Renegade Gen5 2TB/讀:14700/寫:14000/TLC【五年保】DRAM快取, $9300↘$8600 ◆ ★"
56,M.2 PCIe 5.0 (Gen5) SSD固態硬碟,"金士頓 FURY Renegade Gen5 4TB/讀:14800/寫:14000/TLC【五年保】DRAM快取, $17600↘$16500 ◆ ★"
57,M.2 PCIe 5.0 (Gen5) SSD固態硬碟,"美光 Micron Crucial T700 4TB Gen5 PCIe 5.0 讀:12400/寫:11800/TLC【五年保】, $14600 ◆ ★"
58,M.2 PCIe 5.0 (Gen5) SSD固態硬碟,"美光 Micron Crucial T700 1TB含散熱片 Gen5 PCIe 5.0 讀:11700/寫:9500/TLC【五年保】, $4950 ◆ ★"
59,M.2 PCIe 5.0 (Gen5) SSD固態硬碟,"美光 Micron Crucial T700 2TB含散熱片 Gen5 PCIe 5.0 讀:12400/寫:11800/TLC【五年保】, $8299↘$8200 ◆ ★"
60,M.2 PCIe 5.0 (Gen5) SSD固態硬碟,"美光 Micron Crucial T700 4TB含散熱片 Gen5 PCIe 5.0 讀:12400/寫:11800【五年保】, $15299 ◆ ★"
61,M.2 PCIe 5.0 (Gen5) SSD固態硬碟,"美光 Micron Crucial T705 2TB Gen5 PCIe 5.0 讀:14500/寫:12700/TLC【五年保】, $8888↘$7777 ◆ ★"
62,M.2 PCIe 5.0 (Gen5) SSD固態硬碟,"美光 Micron Crucial T705 4TB Gen5 PCIe 5.0 讀:14100/寫:12600/TLC【五年保】, $17888↘$14999 ◆ ★"
63,M.2 PCIe 5.0 (Gen5) SSD固態硬碟,"美光 Micron Crucial T705 1TB含散熱片 Gen5 PCIe 5.0 讀:13000/寫:10200/TLC【五年保】, $5999↘$5299 ◆ ★"
64,M.2 PCIe 5.0 (Gen5) SSD固態硬碟,"美光 Micron Crucial T705 2TB含散熱片 Gen5 PCIe 5.0 讀:14500/寫:12700/TLC【五年保】, $9388↘$8088 ◆ ★"
65,M.2 PCIe 5.0 (Gen5) SSD固態硬碟,"美光 Micron Crucial T705 4TB含散熱片 Gen5 PCIe 5.0 讀:14100/寫:12600【五年保】, $18380↘$15499 ◆ ★ 熱賣"
66,M.2 PCIe 5.0 (Gen5) SSD固態硬碟,"微星 SPATIUM M560 1TB/Gen5/讀:10200M/寫:8400M/TLC顆粒【五年保】, $3990 ◆ ★"
67,M.2 PCIe 5.0 (Gen5) SSD固態硬碟,"微星 SPATIUM M560 2TB/Gen5/讀:10300M/寫:8700M/TLC顆粒~登錄可兌換遊戲序號~, $6590 ◆ ★"
68,M.2 PCIe 5.0 (Gen5) SSD固態硬碟,"微星 SPATIUM M570 PRO FROZR 2TB Gen5讀:12400/寫:11800【五年】DRAM/散熱片, $7490 ◆ ★"
69,M.2 PCIe 5.0 (Gen5) SSD固態硬碟,"微星 SPATIUM M580 FROZR 2TB Gen5 PCIe 5.0 讀:14600/寫:12700【五年】DRAM快取, $9390 ◆ ★"
70,M.2 PCIe 5.0 (Gen5) SSD固態硬碟,"微星 SPATIUM M580 FROZR 4TB Gen5 PCIe 5.0 讀:14100/寫:12600【五年】DRAM快取, $17990↘$17490 ◆ ★"
71,M.2 PCIe 5.0 (Gen5) SSD固態硬碟,"三星 Samsung 9100PRO 2TB/PCIe 5.0 x4/讀:14700/寫:13400/TLC【五年保】, $9559 ◆ ★ 熱賣"
72,M.2 PCIe 5.0 (Gen5) SSD固態硬碟,"三星 Samsung 9100PRO 4TB/PCIe 5.0 x4/讀:14800/寫:13400/TLC【五年保】, $17509 ◆ ★ 熱賣"
73,M.2 PCIe 5.0 (Gen5) SSD固態硬碟,↪ [原廠活動]登錄送Uber/Uber eat通用券$3000
74,M.2 PCIe 5.0 (Gen5) SSD固態硬碟,"三星 Samsung 9100PRO 1TB含散熱片/PCIe 5.0 x4/讀:14700/寫:13300/TLC【五年保】, $6999 ◆ ★"
75,M.2 PCIe 5.0 (Gen5) SSD固態硬碟,↪ [原廠活動]登錄送Uber/Uber eat通用券$1000
76,M.2 PCIe 5.0 (Gen5) SSD固態硬碟,"三星 Samsung 9100PRO 2TB含散熱片/PCIe 5.0 x4/讀:14700/寫:13400/TLC【五年保】, $9789 ◆ ★"
77,M.2 PCIe 5.0 (Gen5) SSD固態硬碟,↪ [原廠活動]登錄送Uber/Uber eat通用券$1500
78,M.2 PCIe 5.0 (Gen5) SSD固態硬碟,"三星 Samsung 9100PRO 4TB含散熱片/PCIe 5.0 x4/讀:14800/寫:13400/TLC【五年保】, $17799 ◆ ★"
79,M.2 PCIe 4.0 (Gen4) SSD固態硬碟,"UMAX M1250 1TB/Gen4 PCIe 4.0/讀:5100M/寫:4500M【五年】TLC/銅箔散熱單面設計, $1899 ◆ ★ 熱賣"
80,M.2 PCIe 4.0 (Gen4) SSD固態硬碟,"UMAX M1350 1TB/Gen4 PCIe 4.0/讀:7400M/寫:6100M【五年】TLC/銅箔散熱單面設計, $2299 ◆ ★"
81,M.2 PCIe 4.0 (Gen4) SSD固態硬碟,"UMAX M1350 2TB/Gen4 PCIe 4.0/讀:7400M/寫:6400M【五年】TLC/銅箔散熱單面設計, $3299 ◆ ★"
82,M.2 PCIe 4.0 (Gen4) SSD固態硬碟,"UMAX M1500 1TB/Gen4 PCIe 4.0/讀:7000M/寫:5500M【五年】DRAM快取/銅箔散/單面, $2480 ◆ ★ 熱賣"
83,M.2 PCIe 4.0 (Gen4) SSD固態硬碟,"UMAX M1500 2TB/Gen4 PCIe 4.0/讀:7000M/寫:6850M【五年】DRAM快取/銅箔散/單面, $3990 ◆ ★ 熱賣"
84,M.2 PCIe 4.0 (Gen4) SSD固態硬碟,"UMAX M1500 4TB/Gen4 PCIe 4.0/讀:7200M/寫:6850M【五年】DRAM快取/銅箔散/單面, $8800 ◆ ★"
85,M.2 PCIe 4.0 (Gen4) SSD固態硬碟,"威剛 ADATA LEGEND 860 500GB/Gen4/讀:5000M/寫:3000M/【五年保】(單面設計), $1299 ◆ ★"
86,M.2 PCIe 4.0 (Gen4) SSD固態硬碟,"威剛 ADATA LEGEND 860 1TB/Gen4/讀:6000M/寫:4000M/【五年保】(單面設計), $1799 ◆ ★ 熱賣"
87,M.2 PCIe 4.0 (Gen4) SSD固態硬碟,"威剛 ADATA LEGEND 860 2TB/Gen4/讀:6000M/寫:5000M/【五年保】(單面設計), $3499 ◆ ★ 熱賣"
88,M.2 PCIe 4.0 (Gen4) SSD固態硬碟,"威剛 ADATA LEGEND 900 512GB/Gen4/讀:6200M/寫:2300M/五年(單面設計)/贈散熱片, $1299 ◆ ★"
89,M.2 PCIe 4.0 (Gen4) SSD固態硬碟,"威剛 ADATA LEGEND 900 1TB/Gen4/讀:7000M/寫:4700M/五年保(單面設計)/贈散熱片, $1999 ◆ ★ 熱賣"
90,M.2 PCIe 4.0 (Gen4) SSD固態硬碟,"威剛 ADATA LEGEND 900 2TB/Gen4/讀:7000M/寫:5400M/五年保(單面設計)/贈散熱片, $3599 ◆ ★"
91,M.2 PCIe 4.0 (Gen4) SSD固態硬碟,"威剛 XPG S50 Core 500G/Gen4/讀:3500M/寫:2200M【三年保】贈散熱片, $1190 ◆ ★ 熱賣"
92,M.2 PCIe 4.0 (Gen4) SSD固態硬碟,"威剛 XPG S50 Core 1TB/Gen4/讀:3500M/寫:2200M【三年保】贈散熱片, $1699 ◆ ★ 熱賣"
93,M.2 PCIe 4.0 (Gen4) SSD固態硬碟,"威剛 XPG S50 Core 2TB/Gen4/讀:3500M/寫:2800M/【三年保】贈散熱片, $3299 ◆ ★ 熱賣"
94,M.2 PCIe 4.0 (Gen4) SSD固態硬碟,"威剛 XPG S60 PRO 512G/Gen4/讀:5000M/寫:2700M/SMI主控【五年保】贈散熱片, $1299 ◆ ★ 熱賣"
95,M.2 PCIe 4.0 (Gen4) SSD固態硬碟,"威剛 XPG S60 PRO 1TB/Gen4/讀:5000M/寫:4500M/SMI主控【五年保】贈散熱片, $2199 ◆ ★ 熱賣"
96,M.2 PCIe 4.0 (Gen4) SSD固態硬碟,"威剛 XPG S60 PRO 2TB/Gen4/讀:5000M/寫:4500M/SMI主控【五年保】贈散熱片, $3999 ◆ ★ 熱賣"
97,M.2 PCIe 4.0 (Gen4) SSD固態硬碟,"威剛 XPG S70 BLADE 512G/Gen4/讀:7200M/寫:2600M/ DRAM快取【五年保】贈散熱片, $1699↘$1690 ◆ ★"
98,M.2 PCIe 4.0 (Gen4) SSD固態硬碟,"威剛 XPG S70 BLADE 1T/Gen4/讀:7400M/寫:5500M/ DRAM快取【五年保】贈散熱片, $2599 ◆ ★"
99,M.2 PCIe 4.0 (Gen4) SSD固態硬碟,"威剛 XPG S70 BLADE 2T/Gen4/讀:7400M/寫:6400M/ DRAM快取【五年保】贈散熱片, $4399 ◆ ★ 熱賣"
100,M.2 PCIe 4.0 (Gen4) SSD固態硬碟,"威剛 XPG S70 PRO 1TB黑/Gen4/讀:7400/寫:6000/SMI主控/DRAM快取/五年/贈散熱片, $2449↘$2400 ◆ ★ 熱賣"
101,M.2 PCIe 4.0 (Gen4) SSD固態硬碟,"威剛 XPG S70 PRO 2TB黑/Gen4/讀:7400/寫:6800/SMI主控/DRAM快取/五年/贈散熱片, $4088 ◆ ★ 熱賣"
102,M.2 PCIe 4.0 (Gen4) SSD固態硬碟,"威剛 XPG S70 PRO 4TB黑/Gen4/讀:7400/寫:6800/SMI主控/DRAM快取/五年/贈散熱片, $8999 ◆ ★ 熱賣"
103,M.2 PCIe 4.0 (Gen4) SSD固態硬碟,"威剛 XPG S70 PRO 2TB白/Gen4/讀:7400/寫:6800/SMI主控/DRAM快取/五年/贈散熱片, $4088 ◆ ★ 熱賣"
104,M.2 PCIe 4.0 (Gen4) SSD固態硬碟,"威剛 XPG S70 PRO 4TB白/Gen4/讀:7400/寫:6800/SMI主控/DRAM快取/五年/贈散熱片, $8999 ◆ ★ 熱賣"
105,M.2 PCIe 4.0 (Gen4) SSD固態硬碟,"宏�� Acer FA200 1TB /Gen4 /讀:7200M/寫:6200M/QLC顆粒【五年保】, $1899 ◆ ★ 熱賣"
106,M.2 PCIe 4.0 (Gen4) SSD固態硬碟,"宏�� Acer FA200 2TB /Gen4 /讀:7200M/寫:6200M/QLC顆粒【五年保】, $3599 ◆ ★ 熱賣"
107,M.2 PCIe 4.0 (Gen4) SSD固態硬碟,"宏�� Acer FA200 4TB /Gen4 /讀:7100M/寫:6100M/QLC顆粒【五年保】, $7299 ◆ ★"
108,M.2 PCIe 4.0 (Gen4) SSD固態硬碟,"宏�� Acer Predator GM7 1TB/Gen4/讀:7200M/寫:6300M/TLC【五年保】(單面設計), $1990 ◆ ★ 熱賣"
109,M.2 PCIe 4.0 (Gen4) SSD固態硬碟,"宏�� Acer Predator GM7 2TB/Gen4/讀:7200M/寫:6300M/TLC【五年保】(單面設計), $3699 ◆ ★ 熱賣"
110,M.2 PCIe 4.0 (Gen4) SSD固態硬碟,"宏�� Acer Predator GM7 4TB/Gen4/讀:7400M/寫:6500M/TLC【五年保】(單面設計), $7999 ◆ ★"
111,M.2 PCIe 4.0 (Gen4) SSD固態硬碟,"宏�� Acer Predator GM7000 1TB/Gen4/7400M/6700M/DRAM(鋁合金散熱)美光顆粒, $2588 ◆ ★"
112,M.2 PCIe 4.0 (Gen4) SSD固態硬碟,"宏�� Acer Predator GM7000 2TB/Gen4/7400M/6700M/DRAM(鋁合金散熱)美光顆粒, $3988 ◆ ★ 熱賣"
113,M.2 PCIe 4.0 (Gen4) SSD固態硬碟,"宏�� Acer Predator GM7000 4TB/Gen4/7400M/6700M/DRAM(鋁合金散熱)美光顆粒, $8799 ◆ ★"
114,M.2 PCIe 4.0 (Gen4) SSD固態硬碟,"SK 海力士 Platinum P41 1TB/Gen4 PCIE 4.0/讀:7000/寫:6500/DRAM快取【五年保】, $3190 ◆ ★ 熱賣"
115,M.2 PCIe 4.0 (Gen4) SSD固態硬碟,"SK 海力士 Platinum P41 2TB/Gen4 PCIE 4.0/讀:7000/寫:6500/DRAM快取【五年保】▼下殺到 6/8 23:59, $5350↘$4999 ◆ ★ 熱賣"
116,M.2 PCIe 4.0 (Gen4) SSD固態硬碟,"KLEVV CRAS C910 500G/Gen4 PCIe 4.0/讀:5000/寫:3700/TLC【五年】輕薄鋁散熱片, $1199 ◆ ★"
117,M.2 PCIe 4.0 (Gen4) SSD固態硬碟,"KLEVV CRAS C910 1TB/Gen4 PCIe 4.0/讀:5000/寫:4800/TLC【五年】輕薄鋁散熱片, $1788 ◆ ★"
118,M.2 PCIe 4.0 (Gen4) SSD固態硬碟,"KLEVV CRAS C910 2TB/Gen4 PCIe 4.0/讀:5200/寫:4800/TLC【五年】輕薄鋁散熱片, $3699 ◆ ★"
119,M.2 PCIe 4.0 (Gen4) SSD固態硬碟,"KLEVV CRAS C930 1TB/Gen4 PCIe 4.0/讀:7400M/寫:6400M DRAM快取/鰭狀鋁散熱片, $2399 ◆ ★"
120,M.2 PCIe 4.0 (Gen4) SSD固態硬碟,"KLEVV CRAS C930 2TB/Gen4 PCIe 4.0/讀:7400M/寫:6800M DRAM快取鰭狀鋁散熱片, $4099 ◆ ★"
121,M.2 PCIe 4.0 (Gen4) SSD固態硬碟,"十銓 TEAM MP44 1TB/Gen4/讀:7400M/寫:6500M/TLC顆粒/具石墨烯散熱標籤【五年保】, $1999 ◆ ★"
122,M.2 PCIe 4.0 (Gen4) SSD固態硬碟,"十銓 TEAM MP44 2TB/Gen4/讀:7400M/寫:7000M/TLC顆粒/具石墨烯散熱標籤【五年保】, $3699 ◆ ★"
123,M.2 PCIe 4.0 (Gen4) SSD固態硬碟,"十銓 TEAM MP44 4TB/Gen4/讀:7400M/寫:6900M/TLC顆粒/具石墨烯散熱標籤【五年保】, $7999 ◆ ★"
124,M.2 PCIe 4.0 (Gen4) SSD固態硬碟,"十銓 TEAM MP44 8TB/Gen4/讀:7200M/寫:6000M/TLC顆粒/具石墨烯散熱標籤【五年保】, $27999 ◆ ★"
125,M.2 PCIe 4.0 (Gen4) SSD固態硬碟,"十銓 TEAM MP44L 500GB/Gen4/讀:5000M/寫:2500M/TLC顆粒/具石墨烯散熱標籤【五年保】, $1199 ◆ ★"
126,M.2 PCIe 4.0 (Gen4) SSD固態硬碟,"十銓 TEAM MP44L 1TB/Gen4/讀:5000M/寫:4500M/TLC顆粒/具石墨烯散熱標籤【五年保】, $1799 ◆ ★"
127,M.2 PCIe 4.0 (Gen4) SSD固態硬碟,"十銓 TEAM MP44L 2TB/Gen4/讀:4800M/寫:4400M/TLC顆粒/具石墨烯散熱標籤【五年保】, $3299 ◆ ★"
128,M.2 PCIe 4.0 (Gen4) SSD固態硬碟,"十銓 T-ForceZ44A5極限零(石墨烯)1TB/Gen4 PCIe 4.0/讀:5000M/寫:4400M【五年保】, $1799 ◆ ★"
129,M.2 PCIe 4.0 (Gen4) SSD固態硬碟,"十銓 T-ForceZ44A5極限零(石墨烯)2TB/Gen4 PCIe 4.0/讀:5000M/寫:4400M【五年保】, $3699 ◆ ★ 熱賣"
130,M.2 PCIe 4.0 (Gen4) SSD固態硬碟,"十銓 T-CREATE Classic DL 1TB/Gen4 PCIe 4.0/讀:7400M/寫:6200M(五年) PHISON主控, $2099 ◆ ★"
131,M.2 PCIe 4.0 (Gen4) SSD固態硬碟,"十銓 T-CREATE Classic DL 2TB/Gen4 PCIe 4.0/讀:7400M/寫:6400M(五年) PHISON主控, $3699 ◆ ★"
132,M.2 PCIe 4.0 (Gen4) SSD固態硬碟,"十銓 T-Force G70PRO(石墨烯)1TB/Gen4 PCIe 4.0/讀:7400M/寫:5500M/DRAM/INNO主控, $2499 ◆ ★"
133,M.2 PCIe 4.0 (Gen4) SSD固態硬碟,"十銓 T-Force G70PRO(石墨烯)2TB/Gen4 PCIe 4.0/讀:7400M/寫:6800M/DRAM/INNO主控, $3999 ◆ ★"
134,M.2 PCIe 4.0 (Gen4) SSD固態硬碟,"十銓 T-Force G70PRO(石墨烯)4TB/Gen4 PCIe 4.0/讀:7400M/寫:6600M/DRAM/INNO主控, $8799 ◆ ★"
135,M.2 PCIe 4.0 (Gen4) SSD固態硬碟,"十銓 T-ForceA440黑曜女神(雙散熱)2TB/Gen4/讀:7000M/寫:6900M/DRAM/PHSION主控, $3990 ◆ ★"
136,M.2 PCIe 4.0 (Gen4) SSD固態硬碟,❤ FireCuda全系列SSD 內含3年的免費資料救援服務~~
137,M.2 PCIe 4.0 (Gen4) SSD固態硬碟,❤ 買 Seagate 全系列商品 (不分容量)，登錄發票即可參加抽獎
138,M.2 PCIe 4.0 (Gen4) SSD固態硬碟,"Seagate FireCuda 530R 2TB/Gen4 PCIe 4.0/(火梭魚)讀:7400M/寫:7400M/TLC【五年保】, $5850 ◆ ★"
139,M.2 PCIe 4.0 (Gen4) SSD固態硬碟,"Seagate FireCuda 530R 4TB/Gen4 PCIe 4.0/(火梭魚)讀:7400M/寫:7400M/TLC【五年保】, $11250↘$11200 ◆ ★"
140,M.2 PCIe 4.0 (Gen4) SSD固態硬碟,"Seagate FireCuda 530 1TB星際大戰版/散熱片/Gen4 PCIe 4.0/(火梭魚)讀:7300M/寫:6900M, $3588 ◆ ★ 熱賣"
141,M.2 PCIe 4.0 (Gen4) SSD固態硬碟,"Seagate FireCuda 530R 1TB/含散熱片/Gen4 PCIe 4.0/(火梭魚)讀:7400M/寫:7400M/TLC, $3890↘$3888 ◆ ★"
142,M.2 PCIe 4.0 (Gen4) SSD固態硬碟,"Seagate FireCuda 530R 2TB/含散熱片/Gen4 PCIe 4.0/(火梭魚)讀:7400M/寫:7400M/TLC, $6350 ◆ ★"
143,M.2 PCIe 4.0 (Gen4) SSD固態硬碟,"Seagate FireCuda 530R 4TB/含散熱片/Gen4 PCIe 4.0/(火梭魚)讀:7400M/寫:7400M/TLC, $11250↘$11200 ◆ ★"
144,M.2 PCIe 4.0 (Gen4) SSD固態硬碟,"MSI 微星 M450 V1版本 500GB/Gen4/讀:3000M/寫:2000M/TLC顆粒【五年保】, $990 ◆ ★"
145,M.2 PCIe 4.0 (Gen4) SSD固態硬碟,"MSI 微星 M450 V1版本 1TB/Gen4/讀:3400M/寫:2400M/3D TLC顆粒【五年保】, $1890↘$1790 ◆ ★"
146,M.2 PCIe 4.0 (Gen4) SSD固態硬碟,"MSI 微星 M470PRO 1TB/Gen4/讀:6000M/寫:4500M/QLC顆粒【五年保】, $1990 ◆ ★"
147,M.2 PCIe 4.0 (Gen4) SSD固態硬碟,"MSI 微星 M470PRO 2TB/Gen4/讀:6000M/寫:5000M/QLC顆粒~登錄可兌換遊戲序號~, $3590 ◆ ★"
148,M.2 PCIe 4.0 (Gen4) SSD固態硬碟,"MSI 微星 M480PRO 1TB/Gen4/讀:7400M/寫:6000M/3D TLC顆粒【五年保】DRAM快取, $2690↘$2490 ◆ ★"
149,M.2 PCIe 4.0 (Gen4) SSD固態硬碟,"MSI 微星 M480PRO 2TB/Gen4/讀:7400M/寫:7000M/3D TLC顆粒~登錄可兌換遊戲序號~, $4290 ◆ ★"
150,M.2 PCIe 4.0 (Gen4) SSD固態硬碟,"MSI 微星 M480PRO 4TB/Gen4/讀:7400M/寫:7000M/3D TLC顆粒~登錄可兌換遊戲序號~, $9790 ◆ ★"
151,M.2 PCIe 4.0 (Gen4) SSD固態硬碟,"MSI 微星 M480PRO HS散熱片 2TB/Gen4/讀:7400M/寫:6000M/3D TLC/五年/DRAM快取, $5690 ◆ ★"
152,M.2 PCIe 4.0 (Gen4) SSD固態硬碟,"WD 藍標 SN5000 500GB/Gen4 PCIe 4.0/讀:5000/寫:4000/TLC【五年保】, $1230 ◆ ★"
153,M.2 PCIe 4.0 (Gen4) SSD固態硬碟,"WD 藍標 SN5000 1TB/Gen4 PCIe 4.0/讀:5150/寫:4900/TLC【五年保】, $1880 ◆ ★"
154,M.2 PCIe 4.0 (Gen4) SSD固態硬碟,"WD 藍標 SN5000 2TB/Gen4 PCIe 4.0/讀:5150/寫:4850/TLC【五年保】, $3800 ◆ ★"
155,M.2 PCIe 4.0 (Gen4) SSD固態硬碟,"WD 黑標 SN7100 500GB/Gen4 PCIe 4.0/讀:6800/寫:5800/TLC【五年保】, $1690 ◆ ★"
156,M.2 PCIe 4.0 (Gen4) SSD固態硬碟,"WD 黑標 SN7100 1TB/Gen4 PCIe 4.0/讀:7250/寫:6900/TLC【五年保】, $2390 ◆ ★"
157,M.2 PCIe 4.0 (Gen4) SSD固態硬碟,"WD 黑標 SN7100 2TB/Gen4 PCIe 4.0/讀:7250/寫:6900/TLC【五年保】, $4090 ◆ ★"
158,M.2 PCIe 4.0 (Gen4) SSD固態硬碟,"WD 黑標 SN850X 1TB/Gen4 PCIe 4.0/讀:7300/寫:6300/TLC/電競級【五年保】, $2800↘$2790 ◆ ★"
159,M.2 PCIe 4.0 (Gen4) SSD固態硬碟,"WD 黑標 SN850X 2TB/Gen4 PCIe 4.0/讀:7300/寫:6600/TLC/電競級【五年保】, $4990 ◆ ★"
160,M.2 PCIe 4.0 (Gen4) SSD固態硬碟,"WD 黑標 SN850X 1TB/含散熱片/Gen4 PCIe 4.0/讀:7300/寫:6300/TLC【五年保】, $3300 ◆ ★"
161,M.2 PCIe 4.0 (Gen4) SSD固態硬碟,"WD 黑標 SN850X 2TB/含散熱片/Gen4 PCIe 4.0/讀:7300/寫:6600/TLC【五年保】, $5450 ◆ ★"
162,M.2 PCIe 4.0 (Gen4) SSD固態硬碟,"金士頓 NV3 500G/Gen4 PCIe 4.0/讀:5000/寫:3000【五年保】, $1220 ◆ ★"
163,M.2 PCIe 4.0 (Gen4) SSD固態硬碟,"金士頓 NV3 1TB/Gen4 PCIe 4.0/讀:6000/寫:4000【五年保】, $1750 ◆ ★ 熱賣"
164,M.2 PCIe 4.0 (Gen4) SSD固態硬碟,"金士頓 NV3 2TB/Gen4 PCIe 4.0/讀:6000/寫:5000【五年保】, $3380↘$3350 ◆ ★ 熱賣"
165,M.2 PCIe 4.0 (Gen4) SSD固態硬碟,"金士頓 KC3000 512G/Gen4 PCIe 4.0/讀:7000/寫:3900/TLC【五年保】, $1780↘$1700 ◆ ★"
166,M.2 PCIe 4.0 (Gen4) SSD固態硬碟,"金士頓 KC3000 1TB/Gen4 PCIe 4.0/讀:7000/寫:6000/TLC【五年保】, $2700↘$2680 ◆ ★"
167,M.2 PCIe 4.0 (Gen4) SSD固態硬碟,"金士頓 KC3000 2TB/Gen4 PCIe 4.0/讀:7000/寫:7000/TLC【五年保】, $4300 ◆ ★"
168,M.2 PCIe 4.0 (Gen4) SSD固態硬碟,"金士頓 KC3000 4TB/Gen4 PCIe 4.0/讀:7000/寫:7000/TLC【五年保】, $8988↘$8900 ◆ ★"
169,M.2 PCIe 4.0 (Gen4) SSD固態硬碟,"金士頓 FURY Renegade 500G/Gen4 PCIe 4.0/讀:7300/寫:3900/TLC【五年保】, $1800 ◆ ★"
170,M.2 PCIe 4.0 (Gen4) SSD固態硬碟,"金士頓 FURY Renegade 1TB/Gen4 PCIe 4.0/讀:7300/寫:6000/TLC【五年保】, $2888 ◆ ★ 熱賣"
171,M.2 PCIe 4.0 (Gen4) SSD固態硬碟,"金士頓 FURY Renegade 2TB/Gen4 PCIe 4.0/讀:7300/寫:7000/TLC【五年保】, $4650 ◆ ★ 熱賣"
172,M.2 PCIe 4.0 (Gen4) SSD固態硬碟,"金士頓 FURY Renegade 4TB/Gen4 PCIe 4.0/讀:7300/寫:7000/TLC【五年保】, $9288 ◆ ★"
173,M.2 PCIe 4.0 (Gen4) SSD固態硬碟,"美光Micron E100 480G/Gen4 PCIe 4.0/讀:4700M/寫:2600M/QLC顆粒【三年保】, $999 ◆ ★"
174,M.2 PCIe 4.0 (Gen4) SSD固態硬碟,"美光Micron E100 1TB/Gen4 PCIe 4.0/讀:5000M/寫:4500M/QLC顆粒/【三年保】, $1570 ◆ ★"
175,M.2 PCIe 4.0 (Gen4) SSD固態硬碟,"美光Micron Crucial P3 Plus 500G/Gen4 PCIe 4.0/讀:4700M/寫:1900M/QLC顆粒/五年, $1150 ◆ ★ 熱賣"
176,M.2 PCIe 4.0 (Gen4) SSD固態硬碟,"美光Micron Crucial P3 Plus 1TB/Gen4 PCIe 4.0/讀:5000M/寫:3600M/QLC顆粒/五年, $1750 ◆ ★ 熱賣"
177,M.2 PCIe 4.0 (Gen4) SSD固態硬碟,"美光Micron Crucial P3 Plus 2TB/Gen4 PCIe 4.0/讀:5000M/寫:4200M/QLC顆粒/五年, $3750 ◆ ★ 熱賣"
178,M.2 PCIe 4.0 (Gen4) SSD固態硬碟,"美光Micron Crucial P3 Plus 4TB/Gen4 PCIe 4.0/讀:5000M/寫:4200M/QLC顆粒/五年, $7299 ◆ ★ 熱賣"
179,M.2 PCIe 4.0 (Gen4) SSD固態硬碟,"美光Micron Crucial T500 500G/Gen4 PCIe 4.0/讀:7200M/寫:5700M/3D TLC顆粒/五年, $1888↘$1688 ◆ ★ 熱賣"
180,M.2 PCIe 4.0 (Gen4) SSD固態硬碟,"美光Micron Crucial T500 1TB/Gen4 PCIe 4.0/讀:7300M/寫:6800M/3D TLC顆粒/五年, $2899↘$2588 ◆ ★"
181,M.2 PCIe 4.0 (Gen4) SSD固態硬碟,"美光Micron Crucial T500 2TB/Gen4 PCIe 4.0/讀:7400M/寫:7000M/3D TLC顆粒/五年, $4699↘$4350 ◆ ★"
182,M.2 PCIe 4.0 (Gen4) SSD固態硬碟,"美光Micron Crucial T500 4TB/Gen4 PCIe 4.0/讀:7000M/寫:6900M/3D TLC顆粒/五年, $8888 ◆ ★"
183,M.2 PCIe 4.0 (Gen4) SSD固態硬碟,"美光Micron Crucial T500 1TB含散熱片/Gen4/讀:7300M/寫:6800M/3D TLC顆粒/五年, $3199↘$2988 ◆ ★"
184,M.2 PCIe 4.0 (Gen4) SSD固態硬碟,"美光Micron Crucial T500 2TB含散熱片/Gen4/讀:7400M/寫:7000M/3D TLC顆粒/五年, $4999↘$4850 ◆ ★"
185,M.2 PCIe 4.0 (Gen4) SSD固態硬碟,"美光Micron Crucial T500 4TB含散熱片/Gen4/讀:7000M/寫:6900M/3D TLC顆粒/五年, $9888↘$9488 ◆ ★"
186,M.2 PCIe 4.0 (Gen4) SSD固態硬碟,"美光Micron Crucial P310 500G/Gen4 PCIe 4.0/讀:7100M/寫:6000M/3D QLC顆粒/五年, $1499↘$1299 ◆ ★"
187,M.2 PCIe 4.0 (Gen4) SSD固態硬碟,"美光Micron Crucial P310 1TB/Gen4 PCIe 4.0/讀:7100M/寫:6000M/3D QLC顆粒/五年, $1999↘$1888 ◆ ★"
188,M.2 PCIe 4.0 (Gen4) SSD固態硬碟,"美光Micron Crucial P310 2TB/Gen4 PCIe 4.0/讀:7100M/寫:6000M/3D QLC顆粒/五年, $3688 ◆ ★"
189,M.2 PCIe 4.0 (Gen4) SSD固態硬碟,"美光Micron Crucial P310 4TB/Gen4 PCIe 4.0/讀:7100M/寫:6000M/3D QLC顆粒/五年, $7999 ◆ ★"
190,M.2 PCIe 4.0 (Gen4) SSD固態硬碟,"三星 Samsung 990 EVO 1TB/PCIe 4.0 x4/讀:5000/寫:4200/TLC【五年保】, $3719 ◆ ★"
191,M.2 PCIe 4.0 (Gen4) SSD固態硬碟,"三星 Samsung 990 EVO 2TB/PCIe 4.0 x4/讀:5000/寫:4200/TLC【五年保】, $4999 ◆ ★ 熱賣"
192,M.2 PCIe 4.0 (Gen4) SSD固態硬碟,"三星 Samsung 990 EVO Plus 1TB/PCIe 4.0 x4/讀:7150/寫:6300/TLC【五年保】, $2480 ◆ ★"
193,M.2 PCIe 4.0 (Gen4) SSD固態硬碟,"三星 Samsung 990 EVO Plus 2TB/PCIe 4.0 x4/讀:7250/寫:6300/TLC【五年保】, $4429 ◆ ★"
194,M.2 PCIe 4.0 (Gen4) SSD固態硬碟,"三星 Samsung 990 EVO Plus 4TB/PCIe 4.0 x4/讀:7250/寫:6300/TLC【五年保】, $12288 ◆ ★"
195,M.2 PCIe 4.0 (Gen4) SSD固態硬碟,"三星 Samsung 990 PRO 1TB/Gen4 PCIe 4.0/讀:7450/寫:6900/TLC/五年保*星睿奇, $3469 ◆ ★ 熱賣"
196,M.2 PCIe 4.0 (Gen4) SSD固態硬碟,"三星 Samsung 990 PRO 2TB/Gen4 PCIe 4.0/讀:7450/寫:6900/TLC/五年保*星睿奇, $5399 ◆ ★ 熱賣"
197,M.2 PCIe 4.0 (Gen4) SSD固態硬碟,"三星 Samsung 990 PRO 4TB/Gen4 PCIe 4.0/讀:7450/寫:6900/TLC/五年保*星睿奇, $12999 ◆ ★"
198,M.2 PCIe 4.0 (Gen4) SSD固態硬碟,"三星 Samsung 990 PRO 1TB含散熱片/Gen4/讀:7450/寫:6900/TLC/五年保*星睿奇, $3888 ◆ ★"
199,M.2 PCIe 4.0 (Gen4) SSD固態硬碟,"三星 Samsung 990 PRO 2TB含散熱片/Gen4/讀:7450/寫:6900/TLC/五年保*星睿奇, $5888 ◆ ★ 熱賣"
200,M.2 PCIe 4.0 (Gen4) SSD固態硬碟,"三星 Samsung 990 PRO 4TB含散熱片/Gen4/讀:7450/寫:6900/TLC/五年保*星睿奇, $13499 ◆ ★"
201,M.2 PCIe 3.0 (Gen3) SSD固態硬碟,"KLEVV CRAS C710 256G/Gen3/讀:1950M/寫:1250M/TLC(五年), $660 ◆ ★"
202,M.2 PCIe 3.0 (Gen3) SSD固態硬碟,"威剛 ADATA LEGEND 710 256G/Gen3/讀:2100M/寫:1000M/QLC顆粒/三年保/贈散熱片, $690 ◆ ★ 熱賣"
203,M.2 PCIe 3.0 (Gen3) SSD固態硬碟,"威剛 ADATA LEGEND 710 512G/Gen3/讀:2400M/寫:1000M/QLC顆粒/三年保/贈散熱片, $999 ◆ ★ 熱賣"
204,M.2 PCIe 3.0 (Gen3) SSD固態硬碟,"威剛 ADATA LEGEND 710 1TB/Gen3/讀:2400M/寫:1800M/QLC顆粒/三年保/贈散熱片, $1599 ◆ ★ 熱賣"
205,M.2 PCIe 3.0 (Gen3) SSD固態硬碟,"佰維 BIWIN NV3500 512G(石墨烯散熱片/Gen3/3500M/2500M/TLC顆粒/五年保, $999 ◆ ★ 熱賣"
206,M.2 PCIe 3.0 (Gen3) SSD固態硬碟,"技嘉 Gen3 2500E 1TB/讀:2400M/寫:1800M/QLC顆粒/三年保(G325E1TB), $1550 ◆ ★"
207,M.2 PCIe 3.0 (Gen3) SSD固態硬碟,"美光Micron Crucial P3 500G/Gen3/讀:3500M/寫:1900M/3D QLC顆粒/五年, $1099 ◆ ★"
208,M.2 PCIe 3.0 (Gen3) SSD固態硬碟,"美光Micron Crucial P3 1TB/Gen3/讀:3500M/寫:3000M/3D QLC顆粒/五年, $1750 ◆ ★ 熱賣"
209,M.2 PCIe 3.0 (Gen3) SSD固態硬碟,"美光Micron Crucial P3 2TB/Gen3/讀:3500M/寫:3000M/3D QLC顆粒/五年, $3499 ◆ ★"
210,M.2 PCIe 3.0 (Gen3) SSD固態硬碟,"美光Micron Crucial P3 4TB/Gen3/讀:3500M/寫:3000M/3D QLC顆粒/五年, $7399 ◆ ★ 熱賣"
211,M.2 PCIe 3.0 (Gen3) SSD固態硬碟,"三星 Samsung 970 EVO Plus 2TB/Gen3/讀:3500/寫:3300/TLC/五年保*星睿奇, $4999 ◆ ★"
212,M.2 PCIe 3.0 (Gen3) SSD固態硬碟,"三星 Samsung 980 500G/Gen3/讀:3500/寫:2600/TLC/五年保*星睿奇, $1888 ◆ ★"
213,M.2 PCIe 3.0 (Gen3) SSD固態硬碟,"三星 Samsung 980 1TB/Gen3/讀:3500/寫:3000/TLC/五年保, $2899 ◆ ★ 熱賣"
